﻿<skin name="JW Player" version="1.0" author="CenFun" email="cenfun@gmail.com" url="http://bbs.cenfun.com/" readme="Mini专用皮肤" mask_color="" show_tips="0">
  <media xywh="0, 20R, 100P, 100P" src="media.swf" mask="" lock="1" display="1" group="">
    <video xywh="0, 0, 100P, 100P"/>
  </media>
  <console xywh="0, 0R, 100P, 20" src="console.swf" mask="" lock="1" display="1" group="">
    <bt_play xywh="0, 0, 17, 18" src="bt_play.png"/>
    <bt_stop xywh="16, 0, 18, 18" src="bt_stop.png"/>
    <bt_mute xywh="55R, 0, 16, 18" src="bt_mute.png"/>
    <volume xywh="25R, 5, 27, 9" thumb_src="" track_src="volume_track.png"/>
    <progress xywh="18C, 7, 96B, 5" thumb_src="progress_thumb.png" track_src="progress_track.png"/>
    <bt_fullscreen xywh="0R, 0, 19, 18" src="bt_fullscreen.png"/>
    <time xywh="38, 1, 80, 15" align="left" font="Verdana" size="9" color="#000000" borderColor="" backgroundColor="" bold="1"/>
  </console>
</skin>
