﻿<skin version="2.0" name="简蓝mini版" url="http://bbs.cenfun.com/" author="CenFun" email="cenfun@gmail.com" mask_color="" preview="">
  <media xywh="0, 50R, 100P, 100P" src="media.swf" mask="" lock="1" display="1" group="A">
    <video xywh="0, 0, 100P, 100P"/>
  </media>
  <console xywh="0, 0R, 100P, 50" src="console.swf" mask="" lock="1" display="1" group="A">
    <bt_play xywh="3, 20, 26, 26" src="bt_play.png"/>
    <bt_stop xywh="32, 20, 26, 26" src="bt_stop.png"/>
    <bt_mute xywh="56R, 29, 16, 10" src="bt_mute.png"/>
    <volume xywh="3R, 31, 50, 6" thumb_src="volume_thumb.png" track_src="volume_track.png"/>
    <progress xywh="0C, 6, 3B, 8" thumb_src="progress_thumb.png" track_src="progress_track.png"/>
    <bt_fullscreen xywh="78R, 20, 26, 26" src="bt_fullscreen.png"/>
    <time xywh="63, 25, 100, 15" align="left" font="Verdana" size="9" color="#42453E" borderColor="" backgroundColor="" bold=""/>
  </console>
</skin>
