﻿<skin version="2.0" name="ExoBUD Plastic" url="http://bbs.cenfun.com/" author="CenFun" email="cenfun@gmail.com" mask_color="" readme="ExoBUD Plastic" show_tips="0">
  <option xywh="0C, 24, 34P, 100P" src="win.swf" mask="" lock="1" display="0" group="">
    <pane xywh="0, 0, 100P, 100P" align="left" font="Arial" size="12" color="#999999, #0072FF"/>
    <scrollbar thumb_src="scrollbar_thumb.png" button_src="scrollbar_button.png" track_src="scrollbar_track.png"/>
  </option>
  <list xywh="0R, 24, 33P, 100P" src="win.swf" mask="" lock="1" display="1" group="">
    <tree xywh="0, 0, 100P, 100P" align="left" font="Arial" size="12" color="#999999, #0072FF"/>
    <scrollbar thumb_src="scrollbar_thumb.png" button_src="scrollbar_button.png" track_src="scrollbar_track.png"/>
  </list>
  <lrc xywh="0, 24, 33P, 100P" src="win.swf" mask="" lock="1" display="1" group="">
    <text xywh="0, 0, 100P, 100P" align="center" font="Arial" size="12" color="#999999, #0072FF"/>
  </lrc>
  <media xywh="0C, 24, 34P, 100P" src="win.swf" mask="" lock="1" display="1" group="">
    <video xywh="0, 0, 100P, 100P"/>
  </media>
  <console xywh="0, 0, 100P, 24" src="console.swf" mask="" lock="1" display="1" group="">
    <bt_play xywh="70, 0, 19, 24" src="bt_play.png"/>
    <bt_stop xywh="90, 0, 19, 24" src="bt_stop.png"/>
    <bt_prev xywh="110, 0, 19, 24" src="bt_prev.png"/>
    <bt_next xywh="130, 0, 19, 24" src="bt_next.png"/>
    <bt_random xywh="150, 0, 19, 24" src="bt_random.png"/>
    <bt_repeat xywh="170, 0, 19, 24" src="bt_repeat.png"/>
    <bt_mute xywh="170R, 0, 19, 24" src="bt_mute.png"/>
    <volume xywh="98R, 0, 70, 24" thumb_src="volume_thumb.png" track_src="volume_track.png"/>
    <progress xywh="0C, 3, 220B, 20" track_src="progress_track.png" />
    <title xywh="227, 3, 268B, 18" align="left" font="Arial" size="12" bold="" color="#ffffff" shadow="1,90,#000000,0.3,1,1,1,3" />
    <status xywh="2R, 3, 92, 18" align="center" font="Arial" size="12" color="#333333" borderColor="" />
    <time xywh="225R, 4, 82, 15" align="right" font="Verdana" size="9" color="#ffffff" borderColor="" shadow="1,90,#000000,0.3,1,1,1,3" />
  </console>
</skin>
